{
  "type": {
    "name": "vng:modernverse",
    "ultrawarm": false,
    "natural": true,
    "piglin_safe": true,
    "respawn_anchor_works": true,
    "bed_works": true,
    "has_raids": false,
    "has_skylight": false,
    "has_ceiling": true,
    "coordinate_scale": 1,
    "ambient_light": 0,
    "logical_height": 256,
    "effects": "minecraft:the_end",
    "infiniburn": "minecraft:infiniburn_overworld",
    "min_y": 0,
    "height": 256
  },
  "generator": {
    "type": "minecraft:noise",
    "seed": 2146877234,
    "settings": "minecraft:nether",
    "biome_source": {
      "type": "minecraft:fixed",
      "biome": "minecraft:plains"
    }
  }
}
