{
    "type": "minecraft:crafting_shaped",
    "pattern": [
        "#L#",
        "#c#",
        "ScS"
    ],
    "key": {
        "#": {
            "item": "minecraft:copper_ingot"
        },
        "L": {
            "item": "minecraft:iron_chestplate"
        },
        "c": {
            "item": "minecraft:iron_ingot"
        },
        "S": {
            "item": "minecraft:string"
        }
    },
    "result": {
        "item": "minecraft:knowledge_book",
        "count": 1
    }
}